Label,# Samples,Average,Median,90% Line,95% Line,99% Line,Min,Max,Error %,App specific
jmeter_login_and_view_dashboard,200,367,356,423,438,471,289,547,0.0,False
jmeter_view_issue,14413,240,237,279,295,331,183,512,0.0,False
jmeter_search_jql,4666,577,573,652,680,736,414,845,0.0,False
jmeter_view_dashboard,4233,174,173,205,218,253,108,450,0.0,False
jmeter_view_scrum_board,3390,223,219,275,292,330,154,510,0.0,False
jmeter_view_backlog,2534,366,364,417,435,480,278,633,0.0,False
jmeter_create_issue:open_quick_create,1697,55,54,64,66,91,43,219,0.0,False
jmeter_create_issue:fill_and_submit_issue_form,1697,154,149,181,197,228,122,327,0.0,False
jmeter_view_kanban_board,2956,205,199,254,269,301,148,473,0.0,False
jmeter_browse_projects,3799,95,94,112,122,148,71,213,0.0,False
jmeter_edit_issue:open_editor,2114,124,121,143,154,193,96,256,0.0,False
jmeter_edit_issue:save_edit,2113,295,286,346,384,471,167,605,0.0,False
jmeter_view_project_summary,1267,134,130,163,179,214,99,377,0.0,False
jmeter_add_comment:open_comment,841,95,94,110,114,141,74,168,0.0,False
jmeter_add_comment:save_comment,840,286,282,329,351,399,223,472,0.0,False
jmeter_browse_boards,414,111,107,140,155,174,83,186,0.0,False
selenium_login:open_login_page,246,93,91,98,103,125,81,379,0.0,False
selenium_login:login_and_view_dashboard,246,536,501,578,665,1176,444,1231,0.0,False
selenium_login,246,631,594,672,762,1268,535,1334,0.0,False
selenium_project_summary,246,302,296,336,352,384,262,469,0.0,False
selenium_browse_projects_list,246,272,265,309,328,373,220,417,0.0,False
selenium_browse_boards_list,246,509,334,782,811,823,213,843,0.0,False
selenium_create_issue:open_quick_create,246,607,598,638,660,694,581,717,0.0,False
selenium_create_issue:fill_and_submit_issue_form:submit_issue_form,246,590,589,595,597,601,582,603,0.0,False
selenium_create_issue:fill_and_submit_issue_form,246,1159,1157,1234,1244,1265,1051,1283,0.0,False
selenium_create_issue,246,1767,1772,1849,1869,1902,1639,1913,0.0,False
selenium_edit_issue:open_edit_issue_form,246,411,390,514,544,598,337,628,0.0,False
selenium_edit_issue:save_edit_issue_form,246,461,458,484,492,536,424,626,0.0,False
selenium_edit_issue,246,1321,1313,1360,1380,1607,1235,1775,0.0,False
selenium_save_comment:open_comment_form,246,180,172,212,223,283,153,293,0.0,False
selenium_save_comment:submit_form,246,533,530,570,588,625,450,712,0.0,False
selenium_save_comment,246,1330,1324,1386,1408,1478,947,1574,0.0,False
selenium_search_jql,246,1223,1220,1273,1291,1360,1140,1801,0.0,False
selenium_view_scrum_board_backlog,246,936,820,1158,1168,1214,725,1245,0.0,False
selenium_view_scrum_board,246,749,743,764,788,844,710,874,0.0,False
selenium_view_kanban_board,246,736,712,813,862,981,693,1024,0.0,False
selenium_view_dashboard,246,208,204,230,244,273,178,307,0.0,False
selenium_view_issue,246,415,410,459,473,506,336,547,0.0,False
selenium_app_custom_action:open_dialog,246,146,142,157,170,214,127,219,0.0,True
selenium_app_custom_action,246,146,143,158,171,215,128,219,0.0,True
selenium_log_out,246,283,282,314,330,358,225,421,0.0,False
