Label,# Samples,Average,Median,90% Line,95% Line,99% Line,Min,Max,Error %,App specific
jmeter_login_and_view_dashboard,200,747,606,1145,1333,3600,360,4934,0.0,False
jmeter_view_dashboard,4233,272,252,368,440,611,147,967,0.0,False
jmeter_view_scrum_board,3390,386,355,503,607,897,224,3148,0.0,False
jmeter_create_issue:open_quick_create,1697,87,76,122,155,222,52,1858,0.0,False
jmeter_view_issue,14411,417,382,554,662,1010,237,4008,0.0,False
jmeter_search_jql,4666,917,847,1139,1358,2137,607,5365,0.0,False
jmeter_view_backlog,2533,589,552,737,869,1450,356,6338,0.0,False
jmeter_create_issue:fill_and_submit_issue_form,1697,250,218,372,419,571,135,2925,0.0,False
jmeter_view_kanban_board,2956,326,298,439,523,783,188,1233,0.0,False
jmeter_browse_projects,3799,160,144,224,265,381,89,669,0.0,False
jmeter_edit_issue:open_editor,2113,191,173,256,310,487,118,726,0.0,False
jmeter_edit_issue:save_edit,2113,501,457,679,819,1181,275,1761,0.0,False
jmeter_view_project_summary,1267,251,233,364,410,534,129,691,0.0,False
jmeter_add_comment:open_comment,840,157,145,206,253,374,95,541,0.0,False
jmeter_add_comment:save_comment,840,447,414,580,683,1045,277,1262,0.0,False
jmeter_browse_boards,414,186,169,262,299,429,102,550,0.0,False
selenium_login:open_login_page,146,125,112,143,158,320,93,934,0.0,False
selenium_login:login_and_view_dashboard,146,1161,1246,1459,2088,2440,498,6216,0.0,False
selenium_login,146,1287,1352,1690,2206,2566,614,7151,0.0,False
selenium_project_summary,146,368,331,378,392,974,279,4013,0.0,False
selenium_browse_projects_list,146,245,236,294,310,378,193,420,0.0,False
selenium_browse_boards_list,146,493,221,1090,1348,1545,191,3455,0.0,False
selenium_create_issue:open_quick_create,146,1039,1058,1421,1473,1520,593,1536,0.0,False
selenium_create_issue:fill_and_submit_issue_form:submit_issue_form,146,1045,1046,1405,1449,1475,602,1498,0.0,False
selenium_create_issue:fill_and_submit_issue_form,146,1643,1626,2002,2075,2142,1039,2176,0.0,False
selenium_create_issue,146,2683,2655,3404,3512,3595,1714,3629,0.0,False
selenium_edit_issue:open_edit_issue_form,146,425,400,506,528,585,355,1241,0.0,False
selenium_edit_issue:save_edit_issue_form,146,484,462,586,628,680,397,715,0.0,False
selenium_edit_issue,146,1598,1398,2200,2380,2483,1262,2623,0.0,False
selenium_save_comment:open_comment_form,146,203,187,254,287,331,165,336,0.0,False
selenium_save_comment:submit_form,146,673,628,782,852,1064,511,3370,0.0,False
selenium_save_comment,146,1945,1931,2271,2301,2457,1011,4274,0.0,False
selenium_search_jql,146,1265,1252,1601,1718,2184,679,2532,0.0,False
selenium_view_scrum_board_backlog,146,1390,1416,1670,1712,1805,747,3602,0.0,False
selenium_view_scrum_board,146,1214,1202,1557,1593,1631,736,2479,0.0,False
selenium_view_kanban_board,146,1247,1286,1563,1597,1624,708,1644,0.0,False
selenium_view_dashboard,146,243,230,302,316,406,184,418,0.0,False
selenium_view_issue,146,462,451,520,558,655,356,697,0.0,False
selenium_log_out,146,311,290,380,418,528,253,615,0.0,False
