Action,1 Node,2 Nodes,4 Nodes,App-specific
jmeter_login_and_view_dashboard,657,619,778,False
jmeter_view_issue,378,320,345,False
jmeter_search_jql,806,707,732,False
jmeter_view_dashboard,241,199,201,False
jmeter_view_scrum_board,328,271,284,False
jmeter_view_backlog,512,443,448,False
jmeter_create_issue:open_quick_create,86,84,111,False
jmeter_create_issue:fill_and_submit_issue_form,381,349,419,False
jmeter_view_kanban_board,367,316,311,False
jmeter_browse_projects,131,113,111,False
jmeter_edit_issue:open_editor,179,162,178,False
jmeter_edit_issue:save_edit,584,501,583,False
jmeter_view_project_summary,203,181,195,False
jmeter_add_comment:open_comment,135,122,137,False
jmeter_add_comment:save_comment,531,450,547,False
jmeter_browse_boards,142,130,128,False
selenium_login:open_login_page,122,116,117,False
selenium_login:login_and_view_dashboard,1266,671,699,False
selenium_login,1424,823,832,False
selenium_project_summary,495,497,518,False
selenium_browse_projects_list,339,323,325,False
selenium_browse_boards_list,272,266,276,False
selenium_create_issue:open_quick_create,2012,1974,1981,False
selenium_create_issue:fill_and_submit_issue_form:submit_issue_form,1886,1904,1936,False
selenium_create_issue:fill_and_submit_issue_form,2510,2544,2565,False
selenium_create_issue,4526,4470,4490,False
selenium_edit_issue:open_edit_issue_form,720,710,732,False
selenium_edit_issue:save_edit_issue_form,844,806,844,False
selenium_edit_issue,2127,2011,2046,False
selenium_save_comment:open_comment_form,249,265,240,False
selenium_save_comment:submit_form,805,753,817,False
selenium_save_comment,2892,2826,2917,False
selenium_search_jql,2083,2076,2153,False
selenium_view_scrum_board_backlog,2095,2136,2180,False
selenium_view_scrum_board,2074,2067,2111,False
selenium_view_kanban_board,2042,2085,2073,False
selenium_view_dashboard,267,276,279,False
selenium_view_issue,543,498,517,False
selenium_app_custom_action:open_dialog,201,192,201,True
selenium_app_custom_action,202,192,202,True
selenium_log_out,335,328,345,False
