Label,# Samples,Average,Median,90% Line,95% Line,99% Line,Min,Max,Error %,App specific
jmeter_login_and_view_dashboard,200,679,361,474,575,12396,284,18518,0.0,False
jmeter_view_issue,14412,244,235,290,326,386,185,587,0.0,False
jmeter_view_dashboard,4232,165,159,203,220,263,103,400,0.0,False
jmeter_search_jql,4666,578,566,671,719,803,414,1406,0.0,False
jmeter_view_scrum_board,3390,224,221,270,290,338,152,648,0.0,False
jmeter_view_backlog,2533,382,372,452,516,583,278,649,0.0,False
jmeter_create_issue:open_quick_create,1697,56,55,64,68,96,44,179,0.0,False
jmeter_create_issue:fill_and_submit_issue_form,1697,149,146,166,178,204,123,336,0.0,False
jmeter_browse_projects,3798,96,92,117,139,171,71,295,0.0,False
jmeter_view_kanban_board,2956,200,193,247,261,298,149,397,0.0,False
jmeter_edit_issue:open_editor,2113,128,121,167,191,223,97,363,0.0,False
jmeter_edit_issue:save_edit,2113,295,283,356,388,466,186,735,0.0,False
jmeter_view_project_summary,1267,123,120,141,149,179,97,383,0.0,False
jmeter_add_comment:open_comment,841,108,101,145,161,191,76,226,0.0,False
jmeter_add_comment:save_comment,840,308,288,394,418,471,223,496,0.0,False
jmeter_browse_boards,414,104,102,122,133,156,82,180,0.0,False
selenium_login:open_login_page,247,93,91,96,98,125,80,394,0.0,False
selenium_login:login_and_view_dashboard,247,619,511,1116,1162,1255,401,1882,0.0,False
selenium_login,247,713,602,1204,1277,1350,488,2277,0.0,False
selenium_project_summary,247,327,313,357,381,408,248,1818,0.0,False
selenium_browse_projects_list,247,282,274,336,355,397,182,414,0.0,False
selenium_browse_boards_list,247,521,710,774,810,828,205,2171,0.0,False
selenium_create_issue:open_quick_create,247,619,617,645,671,712,581,741,0.0,False
selenium_create_issue:fill_and_submit_issue_form:submit_issue_form,247,589,589,594,596,604,580,607,0.0,False
selenium_create_issue:fill_and_submit_issue_form,247,1162,1162,1240,1248,1262,1028,1283,0.0,False
selenium_create_issue,247,1782,1775,1865,1892,1947,1642,1990,0.0,False
selenium_edit_issue:open_edit_issue_form,247,403,387,436,526,618,350,746,0.0,False
selenium_edit_issue:save_edit_issue_form,247,466,462,490,510,551,431,616,0.0,False
selenium_edit_issue,247,1331,1320,1365,1395,1608,1255,2070,0.0,False
selenium_save_comment:open_comment_form,247,181,176,210,220,270,156,299,0.0,False
selenium_save_comment:submit_form,247,543,532,578,592,667,468,1934,0.0,False
selenium_save_comment,247,1340,1328,1390,1416,1474,1249,2723,0.0,False
selenium_search_jql,247,1144,1137,1193,1216,1260,1061,2061,0.0,False
selenium_view_scrum_board_backlog,247,939,806,1142,1151,1208,728,2398,0.0,False
selenium_view_scrum_board,247,751,742,764,793,830,702,2183,0.0,False
selenium_view_kanban_board,247,730,711,800,837,879,687,894,0.0,False
selenium_view_dashboard,247,207,204,230,240,264,176,289,0.0,False
selenium_view_issue,247,408,401,456,466,503,334,539,0.0,False
selenium_log_out,247,291,293,323,332,363,240,395,0.0,False
