Label,# Samples,Average,Median,90% Line,95% Line,99% Line,Min,Max,Error %,App specific
jmeter_login_and_view_dashboard,200,1432,484,1181,7098,23167,334,25360,0.0,False
jmeter_view_issue,14406,401,346,637,737,872,238,1250,0.0,False
jmeter_search_jql,4664,896,804,1305,1458,1779,519,2490,0.0,False
jmeter_view_dashboard,4231,270,238,411,499,622,143,822,0.0,False
jmeter_view_scrum_board,3389,368,323,556,673,810,200,1258,0.0,False
jmeter_view_backlog,2532,606,530,931,1029,1242,367,1577,0.0,False
jmeter_create_issue:open_quick_create,1696,90,74,156,192,242,53,299,0.0,False
jmeter_create_issue:fill_and_submit_issue_form,1696,243,200,406,455,507,139,659,0.0,False
jmeter_browse_projects,3797,155,132,247,309,386,90,523,0.0,False
jmeter_view_kanban_board,2955,340,299,526,621,737,192,1076,0.0,False
jmeter_edit_issue:open_editor,2112,201,168,324,398,491,117,616,0.0,False
jmeter_edit_issue:save_edit,2112,454,403,667,766,945,286,1263,0.0,False
jmeter_view_project_summary,1266,200,174,301,358,476,126,632,0.0,False
jmeter_add_comment:open_comment,840,145,132,198,234,316,94,527,0.0,False
jmeter_add_comment:save_comment,840,498,404,804,869,959,292,1111,0.0,False
jmeter_browse_boards,414,198,180,312,339,399,105,468,0.0,False
selenium_login:open_login_page,144,112,104,133,154,199,89,431,0.0,False
selenium_login:login_and_view_dashboard,144,1068,639,1316,1518,2425,436,31433,0.0,False
selenium_login,144,1180,748,1422,1645,2544,533,31865,0.0,False
selenium_project_summary,144,354,328,392,408,945,268,1956,0.0,False
selenium_browse_projects_list,144,256,250,301,322,353,197,357,0.0,False
selenium_browse_boards_list,144,415,214,1203,1436,1568,189,1724,0.0,False
selenium_create_issue:open_quick_create,144,1056,1056,1467,1520,1568,609,1579,0.0,False
selenium_create_issue:fill_and_submit_issue_form:submit_issue_form,144,1061,1061,1426,1465,1497,602,1511,0.0,False
selenium_create_issue:fill_and_submit_issue_form,144,1684,1652,2037,2095,2150,1099,5194,0.0,False
selenium_create_issue,144,2742,2654,3460,3630,3695,1784,6642,0.0,False
selenium_edit_issue:open_edit_issue_form,144,428,392,505,606,912,348,951,0.0,False
selenium_edit_issue:save_edit_issue_form,144,490,461,595,663,862,397,993,0.0,False
selenium_edit_issue,144,1560,1363,2232,2483,2575,1259,2649,0.0,False
selenium_save_comment:open_comment_form,144,194,183,232,265,294,166,347,0.0,False
selenium_save_comment:submit_form,144,633,595,723,802,964,476,3064,0.0,False
selenium_save_comment,144,1915,1888,2304,2382,2567,998,3857,0.0,False
selenium_search_jql,144,1426,1412,1752,1863,2418,931,2858,0.0,False
selenium_view_scrum_board_backlog,144,1379,1385,1667,1711,1977,745,2516,0.0,False
selenium_view_scrum_board,144,1236,1244,1592,1622,1678,734,2455,0.0,False
selenium_view_kanban_board,144,1266,1280,1572,1621,1661,723,1668,0.0,False
selenium_view_dashboard,144,236,226,288,325,379,184,428,0.0,False
selenium_view_issue,144,457,446,524,565,715,358,743,0.0,False
selenium_log_out,144,296,277,360,409,437,251,474,0.0,False
