Label,# Samples,Average,Median,90% Line,95% Line,99% Line,Min,Max,Error %,App specific
jmeter_login_and_view_dashboard,200,496,437,640,845,1864,315,3190,0.0,False
jmeter_view_dashboard,4232,153,147,189,204,251,105,441,0.0,False
jmeter_view_issue,14413,248,239,295,322,398,184,3858,0.0,False
jmeter_view_scrum_board,3390,231,224,291,317,386,154,3853,0.0,False
jmeter_create_issue:open_quick_create,1697,57,54,66,74,102,43,1075,0.0,False
jmeter_search_jql,4666,598,582,699,746,863,450,5132,0.0,False
jmeter_create_issue:fill_and_submit_issue_form,1697,165,153,212,252,303,122,1942,0.0,False
jmeter_view_backlog,2534,381,375,441,469,565,278,5027,0.0,False
jmeter_view_kanban_board,2956,204,194,257,276,325,147,979,0.0,False
jmeter_browse_projects,3798,97,94,116,131,164,71,224,0.0,False
jmeter_edit_issue:open_editor,2113,129,125,154,169,210,96,270,0.0,False
jmeter_edit_issue:save_edit,2113,306,286,389,433,578,220,1023,0.0,False
jmeter_view_project_summary,1267,127,122,151,165,207,95,496,0.0,False
jmeter_add_comment:open_comment,841,97,94,111,120,150,75,179,0.0,False
jmeter_add_comment:save_comment,841,280,273,318,346,435,224,666,0.0,False
jmeter_browse_boards,414,106,100,128,140,178,80,244,0.0,False
selenium_login:open_login_page,241,98,92,98,106,152,83,1132,0.0,False
selenium_login:login_and_view_dashboard,241,906,1103,1198,1219,1290,455,4842,0.0,False
selenium_login,241,1004,1196,1299,1336,1386,550,5975,0.0,False
selenium_project_summary,241,319,302,347,363,384,242,3188,0.0,False
selenium_browse_projects_list,241,267,265,323,339,377,191,390,0.0,False
selenium_browse_boards_list,241,519,696,769,799,815,208,3716,0.0,False
selenium_create_issue:open_quick_create,241,624,619,653,686,744,583,1117,0.0,False
selenium_create_issue:fill_and_submit_issue_form:submit_issue_form,241,590,589,596,600,607,582,615,0.0,False
selenium_create_issue:fill_and_submit_issue_form,241,1171,1172,1251,1261,1270,994,1287,0.0,False
selenium_create_issue,241,1796,1799,1878,1899,1962,1646,2112,0.0,False
selenium_edit_issue:open_edit_issue_form,241,401,388,428,446,621,343,1312,0.0,False
selenium_edit_issue:save_edit_issue_form,241,462,459,485,492,551,430,688,0.0,False
selenium_edit_issue,241,1331,1319,1364,1384,1590,1251,2657,0.0,False
selenium_save_comment:open_comment_form,241,182,176,206,220,268,155,315,0.0,False
selenium_save_comment:submit_form,241,557,541,591,616,678,472,2698,0.0,False
selenium_save_comment,241,1355,1340,1399,1420,1494,1249,3628,0.0,False
selenium_search_jql,241,1093,1116,1175,1195,1304,526,2411,0.0,False
selenium_view_scrum_board_backlog,241,945,820,1147,1161,1229,723,2923,0.0,False
selenium_view_scrum_board,241,757,745,772,789,828,710,2651,0.0,False
selenium_view_kanban_board,241,748,718,845,873,973,691,1152,0.0,False
selenium_view_dashboard,241,209,207,228,243,282,179,301,0.0,False
selenium_view_issue,241,410,404,454,474,516,342,554,0.0,False
selenium_log_out,241,291,292,319,335,364,236,431,0.0,False
