Label,# Samples,Average,Median,90% Line,95% Line,99% Line,Min,Max,Error %,App specific
jmeter_login_and_view_dashboard,200,477,446,621,712,828,327,869,0.0,False
jmeter_view_issue,14415,354,342,430,470,558,241,1099,0.0,False
jmeter_search_jql,4667,820,802,965,1030,1184,518,2087,0.0,False
jmeter_view_dashboard,4232,254,246,315,348,408,145,743,0.0,False
jmeter_view_scrum_board,3390,331,322,416,450,538,198,1102,0.0,False
jmeter_view_backlog,2533,553,540,658,706,801,372,1478,0.0,False
jmeter_create_issue:open_quick_create,1697,77,73,98,116,141,52,209,0.0,False
jmeter_create_issue:fill_and_submit_issue_form,1697,199,184,264,300,361,136,579,0.0,False
jmeter_view_kanban_board,2956,291,270,388,436,526,190,1095,0.0,False
jmeter_browse_projects,3799,135,129,170,189,236,89,428,0.0,False
jmeter_edit_issue:open_editor,2113,168,162,205,229,277,117,517,0.0,False
jmeter_edit_issue:save_edit,2113,434,414,545,601,728,279,1070,0.0,False
jmeter_view_project_summary,1267,182,174,227,251,300,125,466,0.0,False
jmeter_add_comment:open_comment,841,143,135,182,197,245,93,317,0.0,False
jmeter_add_comment:save_comment,841,415,402,509,547,615,287,1056,0.0,False
jmeter_browse_boards,414,139,136,167,190,215,99,372,0.0,False
selenium_login:open_login_page,147,104,100,113,122,147,86,329,0.0,False
selenium_login:login_and_view_dashboard,147,653,554,1172,1234,1358,440,2312,0.0,False
selenium_login,147,758,657,1277,1332,1460,541,2427,0.0,False
selenium_project_summary,147,323,316,357,373,452,242,512,0.0,False
selenium_browse_projects_list,147,279,277,308,332,354,226,371,0.0,False
selenium_browse_boards_list,147,346,212,1025,1184,1555,186,1581,0.0,False
selenium_create_issue:open_quick_create,147,1018,990,1480,1527,1581,604,1585,0.0,False
selenium_create_issue:fill_and_submit_issue_form:submit_issue_form,147,1069,1075,1443,1491,1530,599,1547,0.0,False
selenium_create_issue:fill_and_submit_issue_form,147,1676,1658,2063,2137,2187,1173,2201,0.0,False
selenium_create_issue,147,2694,2609,3509,3638,3723,1796,3745,0.0,False
selenium_edit_issue:open_edit_issue_form,147,392,385,430,457,500,354,547,0.0,False
selenium_edit_issue:save_edit_issue_form,147,467,459,511,538,568,416,596,0.0,False
selenium_edit_issue,147,1460,1337,2031,2216,2536,1240,2576,0.0,False
selenium_save_comment:open_comment_form,147,186,181,207,216,238,162,299,0.0,False
selenium_save_comment:submit_form,147,602,592,679,694,741,481,758,0.0,False
selenium_save_comment,147,1889,1888,2253,2339,2401,1279,2415,0.0,False
selenium_search_jql,147,1391,1393,1727,1752,1875,946,2010,0.0,False
selenium_view_scrum_board_backlog,147,1412,1555,1688,1711,1781,734,1788,0.0,False
selenium_view_scrum_board,147,1220,1206,1609,1640,1694,706,1701,0.0,False
selenium_view_kanban_board,147,1277,1255,1599,1646,1685,710,1697,0.0,False
selenium_view_dashboard,147,224,224,250,256,293,186,298,0.0,False
selenium_view_issue,147,445,437,509,526,565,360,609,0.0,False
selenium_app_custom_action:open_dialog,147,160,154,185,195,230,134,256,0.0,True
selenium_app_custom_action,147,160,154,185,196,230,135,257,0.0,True
selenium_log_out,147,273,268,294,312,341,243,363,0.0,False
