Label,# Samples,Average,Median,90% Line,95% Line,99% Line,Min,Max,Error %,App specific
jmeter_login_and_view_dashboard,200,780,668,1006,1210,3501,462,4687,0.0,False
jmeter_view_dashboard,4232,234,216,319,368,475,132,764,0.0,False
jmeter_view_issue,14411,396,367,537,607,762,235,2967,0.0,False
jmeter_view_scrum_board,3390,325,305,455,505,630,175,3137,0.0,False
jmeter_create_issue:open_quick_create,1697,90,82,121,141,180,56,988,0.0,False
jmeter_view_backlog,2533,538,505,702,804,1034,312,3777,0.0,False
jmeter_search_jql,4666,846,808,1061,1185,1625,531,5499,0.0,False
jmeter_create_issue:fill_and_submit_issue_form,1697,389,380,488,523,599,264,2614,0.0,False
jmeter_view_kanban_board,2956,357,341,490,547,699,172,1492,0.0,False
jmeter_browse_projects,3798,141,129,195,223,286,81,418,0.0,False
jmeter_edit_issue:open_editor,2113,188,174,251,279,379,119,550,0.0,False
jmeter_edit_issue:save_edit,2113,535,502,699,780,1063,329,1607,0.0,False
jmeter_view_project_summary,1267,226,208,327,358,427,126,564,0.0,False
jmeter_add_comment:open_comment,841,143,132,192,214,281,91,375,0.0,False
jmeter_add_comment:save_comment,840,506,488,630,690,868,333,1184,0.0,False
jmeter_browse_boards,414,147,137,192,227,293,96,453,0.0,False
selenium_login:open_login_page,185,1204,1183,1200,1211,1233,1150,4742,0.0,False
selenium_login:login_and_view_dashboard,185,1185,1263,1626,1710,2147,528,3567,0.0,False
selenium_login,185,2408,2481,2831,2932,3373,1708,8556,0.0,False
selenium_project_summary,185,359,330,374,398,467,250,4564,0.0,False
selenium_browse_projects_list,185,262,257,290,304,347,217,559,0.0,False
selenium_browse_boards_list,185,265,209,268,720,806,181,3065,0.0,False
selenium_create_issue:open_quick_create,185,816,798,949,989,1052,670,1337,0.0,False
selenium_create_issue:fill_and_submit_issue_form:submit_issue_form,185,703,698,757,767,885,607,1190,0.0,False
selenium_create_issue:fill_and_submit_issue_form,185,1330,1297,1428,1503,1790,1093,3975,0.0,False
selenium_create_issue,185,2148,2103,2345,2385,2634,1795,4756,0.0,False
selenium_edit_issue:open_edit_issue_form,185,461,445,512,549,649,394,1517,0.0,False
selenium_edit_issue:save_edit_issue_form,185,749,706,848,919,1333,586,4828,0.0,False
selenium_edit_issue,185,1895,1832,2051,2143,2444,1658,7144,0.0,False
selenium_save_comment:open_comment_form,185,217,212,243,260,272,160,338,0.0,False
selenium_save_comment:submit_form,185,678,667,765,796,866,572,923,0.0,False
selenium_save_comment,185,1605,1603,1710,1766,1831,1067,1874,0.0,False
selenium_search_jql,185,1459,1534,1792,1844,2099,897,3486,0.0,False
selenium_view_scrum_board_backlog,185,997,1026,1141,1188,1282,748,3400,0.0,False
selenium_view_scrum_board,185,880,861,974,988,1053,746,3012,0.0,False
selenium_view_kanban_board,185,897,830,1107,1178,1256,722,1312,0.0,False
selenium_view_dashboard,185,236,227,273,309,331,193,354,0.0,False
selenium_view_issue,185,475,466,537,576,643,387,662,0.0,False
selenium_log_out,185,396,334,694,870,944,296,989,0.0,False
