Label,# Samples,Average,Median,90% Line,95% Line,99% Line,Min,Max,Error %,App specific
jmeter_login_and_view_dashboard,200,564,510,704,782,1175,404,3609,0.0,False
jmeter_view_issue,14412,280,273,315,331,378,230,2386,0.0,False
jmeter_search_jql,4666,622,613,695,730,806,499,2825,0.0,False
jmeter_view_dashboard,4233,176,171,206,219,255,129,424,0.0,False
jmeter_create_issue:open_quick_create,1697,80,78,90,94,119,66,184,0.0,False
jmeter_view_scrum_board,3390,231,228,265,279,320,171,2162,0.0,False
jmeter_create_issue:fill_and_submit_issue_form,1697,315,308,350,371,410,272,940,0.0,False
jmeter_view_backlog,2533,396,389,443,464,514,313,2901,0.0,False
jmeter_view_kanban_board,2956,258,255,301,318,369,166,1435,0.0,False
jmeter_browse_projects,3798,97,94,112,120,144,79,242,0.0,False
jmeter_edit_issue:open_editor,2113,144,142,161,169,197,119,430,0.0,False
jmeter_edit_issue:save_edit,2113,419,391,504,575,861,238,1215,0.0,False
jmeter_view_project_summary,1267,163,157,195,209,247,125,337,0.0,False
jmeter_add_comment:open_comment,841,110,108,124,132,160,91,299,0.0,False
jmeter_add_comment:save_comment,840,392,385,428,446,480,332,529,0.0,False
jmeter_browse_boards,414,114,112,131,137,171,95,203,0.0,False
selenium_login:open_login_page,194,1189,1166,1176,1178,1182,1152,5580,0.0,False
selenium_login:login_and_view_dashboard,194,823,641,1241,1285,1742,543,5660,0.0,False
selenium_login,194,2029,1827,2428,2473,2921,1717,11405,0.0,False
selenium_project_summary,194,338,315,344,432,560,289,2452,0.0,False
selenium_browse_projects_list,194,263,262,280,287,321,220,345,0.0,False
selenium_browse_boards_list,194,219,198,220,257,846,176,2132,0.0,False
selenium_create_issue:open_quick_create,194,836,803,991,1069,1183,652,1213,0.0,False
selenium_create_issue:fill_and_submit_issue_form:submit_issue_form,194,710,701,792,802,812,604,1644,0.0,False
selenium_create_issue:fill_and_submit_issue_form,194,1308,1298,1436,1487,1549,1122,2393,0.0,False
selenium_create_issue,194,2144,2098,2410,2450,2606,1821,3604,0.0,False
selenium_edit_issue:open_edit_issue_form,194,424,414,442,458,580,373,1446,0.0,False
selenium_edit_issue:save_edit_issue_form,194,667,621,737,981,1090,535,3979,0.0,False
selenium_edit_issue,194,1776,1724,1895,2095,2207,1578,6150,0.0,False
selenium_save_comment:open_comment_form,194,202,198,214,221,291,181,363,0.0,False
selenium_save_comment:submit_form,194,619,614,658,674,738,552,854,0.0,False
selenium_save_comment,194,1529,1536,1634,1665,1709,983,1803,0.0,False
selenium_search_jql,194,1297,1266,1678,1707,1807,831,3075,0.0,False
selenium_view_scrum_board_backlog,194,990,1002,1096,1162,1524,729,2363,0.0,False
selenium_view_scrum_board,194,875,880,947,970,1020,725,2957,0.0,False
selenium_view_kanban_board,194,909,934,1070,1112,1167,712,1462,0.0,False
selenium_view_dashboard,194,213,210,235,245,258,185,278,0.0,False
selenium_view_issue,194,438,433,479,495,591,361,603,0.0,False
selenium_app_custom_action:open_dialog,194,174,170,189,201,279,148,287,0.0,True
selenium_app_custom_action,194,174,170,189,201,279,148,287,0.0,True
selenium_log_out,194,405,312,838,881,972,291,1117,0.0,False
