Label,# Samples,Average,Median,90% Line,95% Line,99% Line,Min,Max,Error %,App specific
jmeter_login_and_view_dashboard,200,671,648,848,888,1032,477,1084,0.0,False
jmeter_view_dashboard,4232,201,197,243,263,320,125,523,0.0,False
jmeter_view_issue,14410,349,336,412,459,589,247,2688,0.0,False
jmeter_view_scrum_board,3390,281,275,338,368,456,181,1773,0.0,False
jmeter_search_jql,4666,746,728,853,912,1080,548,4615,0.0,False
jmeter_view_backlog,2533,442,432,513,550,684,314,1595,0.0,False
jmeter_create_issue:open_quick_create,1697,75,73,90,102,127,52,779,0.0,False
jmeter_create_issue:fill_and_submit_issue_form,1697,358,347,414,439,494,276,2389,0.0,False
jmeter_view_kanban_board,2955,300,295,362,390,479,183,1386,0.0,False
jmeter_browse_projects,3798,119,115,144,160,193,80,361,0.0,False
jmeter_edit_issue:open_editor,2113,175,168,210,231,272,118,428,0.0,False
jmeter_edit_issue:save_edit,2113,485,453,605,682,927,349,1503,0.0,False
jmeter_view_project_summary,1267,178,172,218,236,290,124,350,0.0,False
jmeter_add_comment:open_comment,841,130,125,158,173,210,93,253,0.0,False
jmeter_add_comment:save_comment,840,481,466,555,603,714,373,850,0.0,False
jmeter_browse_boards,414,143,138,172,188,237,102,305,0.0,False
selenium_login:open_login_page,116,122,113,126,134,184,103,907,0.0,False
selenium_login:login_and_view_dashboard,116,1084,1281,1358,1390,1522,526,5517,0.0,False
selenium_login,116,1227,1410,1496,1542,1662,651,6863,0.0,False
selenium_project_summary,116,380,350,406,428,526,315,2509,0.0,False
selenium_browse_projects_list,116,260,260,292,306,318,221,329,0.0,False
selenium_browse_boards_list,116,256,236,257,268,276,208,2431,0.0,False
selenium_create_issue:open_quick_create,116,1398,1395,1961,2022,2111,642,2122,0.0,False
selenium_create_issue:fill_and_submit_issue_form:submit_issue_form,116,1318,1315,1894,1954,2021,627,2056,0.0,False
selenium_create_issue:fill_and_submit_issue_form,116,1954,1954,2534,2595,2642,1193,2700,0.0,False
selenium_create_issue,116,3353,3305,4484,4564,4719,1953,4769,0.0,False
selenium_edit_issue:open_edit_issue_form,116,677,700,739,774,870,431,1379,0.0,False
selenium_edit_issue:save_edit_issue_form,116,809,748,876,1002,2248,618,3817,0.0,False
selenium_edit_issue,116,2012,1932,2132,2238,3532,1750,6044,0.0,False
selenium_save_comment:open_comment_form,116,222,216,255,287,350,185,368,0.0,False
selenium_save_comment:submit_form,116,746,739,798,826,856,664,904,0.0,False
selenium_save_comment,116,2228,2234,2922,2962,2995,1089,3047,0.0,False
selenium_search_jql,116,1714,1686,2180,2234,2321,1069,3715,0.0,False
selenium_view_scrum_board_backlog,116,1683,1747,2157,2251,2334,834,2807,0.0,False
selenium_view_scrum_board,116,1525,1506,2094,2147,2212,770,2657,0.0,False
selenium_view_kanban_board,116,1521,1475,2042,2101,2191,749,2213,0.0,False
selenium_view_dashboard,116,254,252,276,284,297,222,368,0.0,False
selenium_view_issue,116,500,492,562,586,655,413,698,0.0,False
selenium_log_out,116,335,325,367,392,441,297,491,0.0,False
