Action,without app,with app,App-specific
jmeter_login_and_view_dashboard,848,661,False
jmeter_view_dashboard,243,238,False
jmeter_view_issue,412,389,False
jmeter_view_scrum_board,338,326,False
jmeter_search_jql,853,838,False
jmeter_view_backlog,513,536,False
jmeter_create_issue:open_quick_create,90,81,False
jmeter_create_issue:fill_and_submit_issue_form,414,389,False
jmeter_view_kanban_board,362,375,False
jmeter_browse_projects,144,135,False
jmeter_edit_issue:open_editor,210,188,False
jmeter_edit_issue:save_edit,605,598,False
jmeter_view_project_summary,218,207,False
jmeter_add_comment:open_comment,158,152,False
jmeter_add_comment:save_comment,555,588,False
jmeter_browse_boards,172,151,False
selenium_login:open_login_page,126,126,False
selenium_login:login_and_view_dashboard,1358,1327,False
selenium_login,1496,1467,False
selenium_project_summary,406,472,False
selenium_browse_projects_list,292,300,False
selenium_browse_boards_list,257,258,False
selenium_create_issue:open_quick_create,1961,2000,False
selenium_create_issue:fill_and_submit_issue_form:submit_issue_form,1894,1890,False
selenium_create_issue:fill_and_submit_issue_form,2534,2497,False
selenium_create_issue,4484,4510,False
selenium_edit_issue:open_edit_issue_form,739,728,False
selenium_edit_issue:save_edit_issue_form,876,818,False
selenium_edit_issue,2132,2023,False
selenium_save_comment:open_comment_form,255,250,False
selenium_save_comment:submit_form,798,805,False
selenium_save_comment,2922,2890,False
selenium_search_jql,2180,3110,False
selenium_view_scrum_board_backlog,2157,2138,False
selenium_view_scrum_board,2094,2082,False
selenium_view_kanban_board,2042,2052,False
selenium_view_dashboard,276,266,False
selenium_view_issue,562,521,False
selenium_log_out,367,351,False
