Label,# Samples,Average,Median,90% Line,95% Line,99% Line,Min,Max,Error %,App specific
jmeter_login_and_view_dashboard,200,837,526,661,783,13259,404,16191,0.0,False
jmeter_view_issue,14411,339,333,389,420,485,252,754,0.0,False
jmeter_search_jql,4665,731,717,838,883,982,532,1579,0.0,False
jmeter_view_dashboard,4232,201,197,238,257,303,129,405,0.0,False
jmeter_view_scrum_board,3390,274,268,326,351,404,183,568,0.0,False
jmeter_view_backlog,2533,464,456,536,576,648,336,814,0.0,False
jmeter_create_issue:open_quick_create,1697,72,71,81,84,111,54,193,0.0,False
jmeter_create_issue:fill_and_submit_issue_form,1697,348,344,389,409,439,264,1145,0.0,False
jmeter_view_kanban_board,2955,293,287,375,413,474,168,574,0.0,False
jmeter_browse_projects,3798,115,114,135,148,174,83,263,0.0,False
jmeter_edit_issue:open_editor,2113,164,161,188,205,240,120,335,0.0,False
jmeter_edit_issue:save_edit,2113,496,461,598,672,1022,255,1342,0.0,False
jmeter_view_project_summary,1267,173,169,207,221,246,122,283,0.0,False
jmeter_add_comment:open_comment,840,127,124,152,165,190,92,218,0.0,False
jmeter_add_comment:save_comment,840,499,486,588,616,682,377,813,0.0,False
jmeter_browse_boards,414,129,128,151,158,182,94,197,0.0,False
selenium_login:open_login_page,114,119,116,126,132,155,101,466,0.0,False
selenium_login:login_and_view_dashboard,114,1024,653,1327,1356,1425,484,20274,0.0,False
selenium_login,114,1160,783,1467,1492,1569,607,20758,0.0,False
selenium_project_summary,114,389,364,472,494,541,320,1956,0.0,False
selenium_browse_projects_list,114,274,272,300,307,343,223,350,0.0,False
selenium_browse_boards_list,114,247,233,258,271,332,208,1377,0.0,False
selenium_create_issue:open_quick_create,114,1425,1453,2000,2083,2137,631,2170,0.0,False
selenium_create_issue:fill_and_submit_issue_form:submit_issue_form,114,1320,1320,1890,1956,2026,625,2030,0.0,False
selenium_create_issue:fill_and_submit_issue_form,114,1942,1960,2497,2558,2677,1201,2746,0.0,False
selenium_create_issue,114,3369,3372,4510,4631,4839,1881,4857,0.0,False
selenium_edit_issue:open_edit_issue_form,114,677,700,728,742,768,419,903,0.0,False
selenium_edit_issue:save_edit_issue_form,114,762,726,818,986,1551,614,2035,0.0,False
selenium_edit_issue,114,1942,1910,2023,2154,2686,1745,3742,0.0,False
selenium_save_comment:open_comment_form,114,216,204,250,258,322,184,373,0.0,False
selenium_save_comment:submit_form,114,739,738,805,848,869,635,930,0.0,False
selenium_save_comment,114,2253,2266,2890,2964,3035,1058,3054,0.0,False
selenium_search_jql,114,2125,2026,3110,3326,3561,1273,3600,0.0,False
selenium_view_scrum_board_backlog,114,1684,1751,2138,2231,2299,813,2743,0.0,False
selenium_view_scrum_board,114,1516,1524,2082,2146,2237,745,2266,0.0,False
selenium_view_kanban_board,114,1519,1506,2052,2142,2184,737,2205,0.0,False
selenium_view_dashboard,114,251,250,266,279,307,213,328,0.0,False
selenium_view_issue,114,484,486,521,528,559,415,563,0.0,False
selenium_log_out,114,329,326,351,365,377,289,403,0.0,False
