Label,# Samples,Average,Median,90% Line,95% Line,99% Line,Min,Max,Error %,App specific
jmeter_login_and_view_dashboard,200,545,459,609,817,1734,369,6244,0.0,False
jmeter_view_issue,14415,259,255,286,299,336,210,2017,0.0,False
jmeter_view_dashboard,4233,185,183,205,215,245,125,351,0.0,False
jmeter_search_jql,4667,600,591,653,678,769,495,3777,0.0,False
jmeter_view_scrum_board,3390,245,249,292,306,339,176,964,0.0,False
jmeter_create_issue:open_quick_create,1697,83,80,92,97,125,67,1312,0.0,False
jmeter_view_backlog,2533,399,393,436,453,501,335,4208,0.0,False
jmeter_create_issue:fill_and_submit_issue_form,1697,172,168,191,200,232,138,1498,0.0,False
jmeter_view_kanban_board,2956,217,208,265,276,299,167,2073,0.0,False
jmeter_browse_projects,3799,97,94,109,115,137,78,378,0.0,False
jmeter_edit_issue:open_editor,2113,131,128,146,158,183,107,853,0.0,False
jmeter_edit_issue:save_edit,2113,314,301,363,400,508,210,924,0.0,False
jmeter_view_project_summary,1267,150,149,164,172,199,121,362,0.0,False
jmeter_add_comment:open_comment,841,104,101,118,129,149,81,198,0.0,False
jmeter_add_comment:save_comment,841,307,302,342,358,390,249,545,0.0,False
jmeter_browse_boards,414,110,108,122,126,154,90,283,0.0,False
selenium_login:open_login_page,150,123,96,103,105,160,89,3920,0.0,False
selenium_login:login_and_view_dashboard,150,598,531,633,1137,1301,433,3342,0.0,False
selenium_login,150,722,632,735,1237,1396,527,7264,0.0,False
selenium_project_summary,150,357,332,381,416,468,276,2836,0.0,False
selenium_browse_projects_list,150,279,272,312,338,373,227,583,0.0,False
selenium_browse_boards_list,150,242,208,247,260,736,191,3244,0.0,False
selenium_create_issue:open_quick_create,150,865,692,1369,1468,1589,601,1651,0.0,False
selenium_create_issue:fill_and_submit_issue_form:submit_issue_form,150,1089,1086,1494,1534,1586,602,1596,0.0,False
selenium_create_issue:fill_and_submit_issue_form,150,1708,1693,2112,2182,2243,1147,2266,0.0,False
selenium_create_issue,150,2574,2513,3314,3534,3751,1868,3834,0.0,False
selenium_edit_issue:open_edit_issue_form,150,394,378,442,474,575,343,1133,0.0,False
selenium_edit_issue:save_edit_issue_form,150,445,443,465,484,535,393,559,0.0,False
selenium_edit_issue,150,1323,1306,1375,1399,1542,1210,2513,0.0,False
selenium_save_comment:open_comment_form,150,180,175,192,208,236,161,339,0.0,False
selenium_save_comment:submit_form,150,568,548,587,613,672,482,3136,0.0,False
selenium_save_comment,150,1863,1844,2262,2289,2375,929,3989,0.0,False
selenium_search_jql,150,1219,1200,1539,1585,1765,783,2724,0.0,False
selenium_view_scrum_board_backlog,150,1400,1540,1679,1727,1779,741,3100,0.0,False
selenium_view_scrum_board,150,1242,1230,1633,1690,1720,709,2443,0.0,False
selenium_view_kanban_board,150,1257,1256,1617,1665,1732,719,1761,0.0,False
selenium_view_dashboard,150,204,200,221,226,261,185,329,0.0,False
selenium_view_issue,150,401,401,433,442,451,346,480,0.0,False
selenium_app_custom_action:open_dialog,150,150,147,158,161,232,134,282,0.0,True
selenium_app_custom_action,150,150,147,158,161,232,134,282,0.0,True
selenium_log_out,150,275,273,284,296,347,257,381,0.0,False
