Label,# Samples,Average,Median,90% Line,95% Line,99% Line,Min,Max,Error %,App specific
jmeter_login_and_view_dashboard,200,703,586,778,1004,3653,408,6356,0.0,False
jmeter_view_issue,14412,309,307,345,360,399,233,2208,0.0,False
jmeter_view_dashboard,4233,178,177,201,213,243,120,379,0.0,False
jmeter_view_scrum_board,3390,240,237,284,301,333,159,2011,0.0,False
jmeter_search_jql,4666,662,653,732,758,832,509,2967,0.0,False
jmeter_view_backlog,2533,395,386,448,474,527,301,1588,0.0,False
jmeter_create_issue:open_quick_create,1697,101,98,111,116,137,66,2014,0.0,False
jmeter_create_issue:fill_and_submit_issue_form,1697,368,386,419,435,483,264,1785,0.0,False
jmeter_view_kanban_board,2956,267,265,311,329,397,162,1565,0.0,False
jmeter_browse_projects,3798,97,96,111,117,132,76,231,0.0,False
jmeter_edit_issue:open_editor,2113,152,151,178,188,212,112,960,0.0,False
jmeter_view_project_summary,1267,170,168,195,208,236,123,456,0.0,False
jmeter_edit_issue:save_edit,2113,465,447,583,672,926,269,1482,0.0,False
jmeter_add_comment:open_comment,841,116,115,137,145,164,84,241,0.0,False
jmeter_add_comment:save_comment,840,462,463,547,570,626,334,756,0.0,False
jmeter_browse_boards,414,110,108,128,132,157,88,218,0.0,False
selenium_login:open_login_page,115,134,109,117,127,205,98,2688,0.0,False
selenium_login:login_and_view_dashboard,115,662,614,699,933,1857,504,2026,0.0,False
selenium_login,115,816,740,832,1164,2288,633,4731,0.0,False
selenium_project_summary,115,441,413,518,532,624,321,2160,0.0,False
selenium_browse_projects_list,115,287,283,325,337,357,229,369,0.0,False
selenium_browse_boards_list,115,260,236,276,298,903,208,1356,0.0,False
selenium_create_issue:open_quick_create,115,1303,1262,1981,2112,2171,633,2173,0.0,False
selenium_create_issue:fill_and_submit_issue_form:submit_issue_form,115,1349,1323,1936,2001,2082,645,2151,0.0,False
selenium_create_issue:fill_and_submit_issue_form,115,1979,1953,2565,2690,2781,1291,2783,0.0,False
selenium_create_issue,115,3283,3145,4490,4722,4884,2064,4952,0.0,False
selenium_edit_issue:open_edit_issue_form,115,678,691,732,761,850,437,869,0.0,False
selenium_edit_issue:save_edit_issue_form,115,751,718,844,946,1279,571,2359,0.0,False
selenium_edit_issue,115,1927,1877,2046,2162,2631,1699,4023,0.0,False
selenium_save_comment:open_comment_form,115,212,200,240,290,382,180,530,0.0,False
selenium_save_comment:submit_form,115,750,751,817,843,939,611,958,0.0,False
selenium_save_comment,115,2232,2254,2917,3003,3176,1020,3217,0.0,False
selenium_search_jql,115,1631,1639,2153,2224,2364,977,2582,0.0,False
selenium_view_scrum_board_backlog,115,1672,1700,2180,2266,2292,793,2299,0.0,False
selenium_view_scrum_board,115,1523,1517,2111,2179,2255,775,2273,0.0,False
selenium_view_kanban_board,115,1539,1503,2073,2156,2215,769,2238,0.0,False
selenium_view_dashboard,115,252,245,279,297,334,219,341,0.0,False
selenium_view_issue,115,480,473,517,526,560,409,1184,0.0,False
selenium_app_custom_action:open_dialog,115,180,175,201,207,305,154,356,0.0,True
selenium_app_custom_action,115,181,176,202,208,305,154,356,0.0,True
selenium_log_out,115,342,330,345,360,385,307,1587,0.0,False
