Label,# Samples,Average,Median,90% Line,95% Line,99% Line,Min,Max,Error %,App specific
jmeter_login_and_view_dashboard,200,532,518,657,690,800,367,846,0.0,False
jmeter_view_issue,14414,336,333,378,397,448,249,858,0.0,False
jmeter_search_jql,4666,722,716,806,837,910,513,1525,0.0,False
jmeter_view_dashboard,4232,211,210,241,253,293,131,431,0.0,False
jmeter_view_scrum_board,3390,276,273,328,345,389,183,631,0.0,False
jmeter_view_backlog,2533,457,452,512,532,593,298,833,0.0,False
jmeter_create_issue:open_quick_create,1697,75,73,86,94,117,47,197,0.0,False
jmeter_create_issue:fill_and_submit_issue_form,1697,343,340,381,400,441,276,558,0.0,False
jmeter_view_kanban_board,2956,300,300,367,387,433,173,616,0.0,False
jmeter_browse_projects,3798,114,112,131,141,167,81,308,0.0,False
jmeter_edit_issue:open_editor,2113,158,156,179,189,221,116,305,0.0,False
jmeter_edit_issue:save_edit,2113,492,461,584,704,1043,262,1151,0.0,False
jmeter_view_project_summary,1267,174,172,203,215,258,122,403,0.0,False
jmeter_add_comment:open_comment,841,121,119,135,144,181,91,229,0.0,False
jmeter_add_comment:save_comment,840,475,468,531,557,619,380,822,0.0,False
jmeter_browse_boards,414,123,121,142,147,161,98,175,0.0,False
selenium_login:open_login_page,117,118,115,122,126,147,101,403,0.0,False
selenium_login:login_and_view_dashboard,117,694,594,1266,1325,1397,492,1488,0.0,False
selenium_login,117,829,723,1424,1465,1614,610,1712,0.0,False
selenium_project_summary,117,397,362,495,514,598,311,615,0.0,False
selenium_browse_projects_list,117,297,291,339,368,421,236,435,0.0,False
selenium_browse_boards_list,117,258,235,272,287,573,210,1812,0.0,False
selenium_create_issue:open_quick_create,117,1388,1379,2012,2060,2157,686,2188,0.0,False
selenium_create_issue:fill_and_submit_issue_form:submit_issue_form,117,1306,1305,1886,1951,2025,610,2033,0.0,False
selenium_create_issue:fill_and_submit_issue_form,117,1931,1964,2510,2572,2631,1200,2690,0.0,False
selenium_create_issue,117,3320,3279,4526,4634,4788,1908,4823,0.0,False
selenium_edit_issue:open_edit_issue_form,117,652,675,720,734,762,457,796,0.0,False
selenium_edit_issue:save_edit_issue_form,117,753,704,844,1211,1264,612,1268,0.0,False
selenium_edit_issue,117,1929,1885,2127,2341,2434,1723,2458,0.0,False
selenium_save_comment:open_comment_form,117,215,206,249,264,306,185,307,0.0,False
selenium_save_comment:submit_form,117,748,746,805,840,938,650,996,0.0,False
selenium_save_comment,117,2297,2321,2892,2967,3051,1081,3055,0.0,False
selenium_search_jql,117,1545,1553,2083,2169,2218,957,2224,0.0,False
selenium_view_scrum_board_backlog,117,1637,1737,2095,2162,2241,796,2254,0.0,False
selenium_view_scrum_board,117,1493,1492,2074,2161,2234,760,2280,0.0,False
selenium_view_kanban_board,117,1503,1458,2042,2136,2205,742,2235,0.0,False
selenium_view_dashboard,117,246,244,267,275,295,220,313,0.0,False
selenium_view_issue,117,483,478,543,557,570,415,580,0.0,False
selenium_app_custom_action:open_dialog,117,185,183,201,210,225,157,248,0.0,True
selenium_app_custom_action,117,186,183,202,210,226,157,248,0.0,True
selenium_log_out,117,318,315,335,349,384,289,389,0.0,False
