Label,# Samples,Average,Median,90% Line,95% Line,99% Line,Min,Max,Error %,App specific
jmeter_login_and_view_dashboard,200,595,461,606,742,5520,331,6911,0.0,False
jmeter_view_issue,14413,285,277,327,345,394,229,2372,0.0,False
jmeter_search_jql,4667,652,643,733,764,834,504,1762,0.0,False
jmeter_view_dashboard,4232,197,194,231,244,279,134,498,0.0,False
jmeter_create_issue:open_quick_create,1697,75,71,86,89,114,60,1582,0.0,False
jmeter_view_scrum_board,3390,265,263,322,342,383,186,2589,0.0,False
jmeter_create_issue:fill_and_submit_issue_form,1697,175,171,201,211,245,135,1221,0.0,False
jmeter_view_backlog,2534,438,431,494,513,561,345,3354,0.0,False
jmeter_view_kanban_board,2956,241,228,302,324,362,183,713,0.0,False
jmeter_browse_projects,3799,110,105,132,148,182,85,293,0.0,False
jmeter_edit_issue:open_editor,2113,148,140,181,201,236,117,1141,0.0,False
jmeter_view_project_summary,1267,166,156,216,235,280,121,348,0.0,False
jmeter_edit_issue:save_edit,2113,349,340,400,433,539,226,857,0.0,False
jmeter_add_comment:open_comment,841,112,108,129,139,173,87,254,0.0,False
jmeter_add_comment:save_comment,840,331,326,371,383,420,263,517,0.0,False
jmeter_browse_boards,414,146,136,192,203,232,100,280,0.0,False
selenium_login:open_login_page,148,99,97,105,108,154,87,329,0.0,False
selenium_login:login_and_view_dashboard,148,621,538,1191,1230,1304,400,1319,0.0,False
selenium_login,148,721,638,1298,1337,1395,494,1413,0.0,False
selenium_project_summary,148,330,320,361,390,464,269,885,0.0,False
selenium_browse_projects_list,148,280,274,322,335,349,226,353,0.0,False
selenium_browse_boards_list,148,231,210,238,256,797,187,1545,0.0,False
selenium_create_issue:open_quick_create,148,968,920,1448,1513,1595,603,1627,0.0,False
selenium_create_issue:fill_and_submit_issue_form:submit_issue_form,148,1078,1079,1457,1518,1559,604,1572,0.0,False
selenium_create_issue:fill_and_submit_issue_form,148,1697,1700,2090,2127,2206,1142,2221,0.0,False
selenium_create_issue,148,2666,2568,3435,3594,3754,1787,3848,0.0,False
selenium_edit_issue:open_edit_issue_form,148,382,376,416,445,492,324,579,0.0,False
selenium_edit_issue:save_edit_issue_form,148,449,445,473,491,558,384,742,0.0,False
selenium_edit_issue,148,1324,1304,1388,1430,1898,1199,2121,0.0,False
selenium_save_comment:open_comment_form,148,179,176,193,200,231,162,248,0.0,False
selenium_save_comment:submit_form,148,558,556,601,613,666,463,757,0.0,False
selenium_save_comment,148,1847,1836,2248,2303,2387,1242,2410,0.0,False
selenium_search_jql,148,1597,1550,1992,2251,2528,1118,2641,0.0,False
selenium_view_scrum_board_backlog,148,1398,1540,1656,1718,1736,735,1742,0.0,False
selenium_view_scrum_board,148,1223,1210,1606,1640,1709,717,1718,0.0,False
selenium_view_kanban_board,148,1265,1262,1600,1656,1706,721,1723,0.0,False
selenium_view_dashboard,148,209,205,230,239,255,183,289,0.0,False
selenium_view_issue,148,411,408,454,465,491,353,500,0.0,False
selenium_app_custom_action:open_dialog,148,150,147,159,166,190,133,348,0.0,True
selenium_app_custom_action,148,151,148,160,166,190,134,348,0.0,True
selenium_log_out,148,267,263,283,301,319,243,485,0.0,False
