Label,# Samples,Average,Median,90% Line,95% Line,99% Line,Min,Max,Error %,App specific
jmeter_login_and_view_dashboard,200,544,450,589,674,4046,331,5520,0.0,False
jmeter_view_issue,14414,234,235,265,276,308,183,2051,0.0,False
jmeter_view_dashboard,4232,160,157,182,193,223,108,353,0.0,False
jmeter_view_scrum_board,3390,212,209,269,301,336,147,1300,0.0,False
jmeter_create_issue:open_quick_create,1697,76,72,88,95,126,61,532,0.0,False
jmeter_search_jql,4666,539,536,603,624,674,434,3510,0.0,False
jmeter_create_issue:fill_and_submit_issue_form,1697,168,141,266,276,305,121,1797,0.0,False
jmeter_view_backlog,2533,353,343,400,415,447,280,4029,0.0,False
jmeter_view_kanban_board,2956,205,205,250,263,290,153,1000,0.0,False
jmeter_browse_projects,3798,88,87,102,112,130,69,265,0.0,False
jmeter_edit_issue:open_editor,2113,124,125,142,149,171,96,926,0.0,False
jmeter_edit_issue:save_edit,2113,304,311,366,389,626,166,1061,0.0,False
jmeter_view_project_summary,1267,134,132,157,165,180,104,347,0.0,False
jmeter_add_comment:open_comment,841,96,97,109,116,135,74,246,0.0,False
jmeter_add_comment:save_comment,840,308,326,366,378,415,214,517,0.0,False
jmeter_browse_boards,414,95,92,108,112,128,80,227,0.0,False
selenium_login:open_login_page,246,95,93,100,105,154,80,381,0.0,False
selenium_login:login_and_view_dashboard,246,518,507,554,583,617,455,1341,0.0,False
selenium_login,246,614,600,654,679,742,546,1723,0.0,False
selenium_project_summary,246,319,311,356,375,444,271,538,0.0,False
selenium_browse_projects_list,246,272,266,308,322,341,214,379,0.0,False
selenium_browse_boards_list,246,501,316,807,815,829,211,938,0.0,False
selenium_create_issue:open_quick_create,246,606,594,640,649,669,579,711,0.0,False
selenium_create_issue:fill_and_submit_issue_form:submit_issue_form,246,591,588,595,597,608,582,1097,0.0,False
selenium_create_issue:fill_and_submit_issue_form,246,1166,1166,1238,1249,1276,1057,1610,0.0,False
selenium_create_issue,246,1772,1770,1852,1868,1930,1649,2259,0.0,False
selenium_edit_issue:open_edit_issue_form,246,415,392,504,582,612,346,617,0.0,False
selenium_edit_issue:save_edit_issue_form,246,457,456,478,485,507,424,535,0.0,False
selenium_edit_issue,246,1311,1306,1350,1362,1403,1242,1808,0.0,False
selenium_save_comment:open_comment_form,246,177,169,204,213,248,153,328,0.0,False
selenium_save_comment:submit_form,246,556,554,626,642,666,462,682,0.0,False
selenium_save_comment,246,1353,1354,1431,1447,1478,1245,1505,0.0,False
selenium_search_jql,246,1195,1189,1229,1248,1290,1133,1766,0.0,False
selenium_view_scrum_board_backlog,246,936,1064,1136,1150,1196,720,1343,0.0,False
selenium_view_scrum_board,246,746,743,758,786,819,711,880,0.0,False
selenium_view_kanban_board,246,755,712,868,972,1155,691,1313,0.0,False
selenium_view_dashboard,246,199,195,220,226,258,177,288,0.0,False
selenium_view_issue,246,402,399,454,464,479,337,498,0.0,False
selenium_app_custom_action:open_dialog,246,145,139,155,204,227,117,355,0.0,True
selenium_app_custom_action,246,145,140,156,204,227,117,355,0.0,True
selenium_log_out,246,298,296,326,335,367,243,410,0.0,False
