Label,# Samples,Average,Median,90% Line,95% Line,99% Line,Min,Max,Error %,App specific
jmeter_login_and_view_dashboard,200,805,494,678,816,12200,393,18246,0.0,False
jmeter_view_issue,14410,376,353,485,539,661,235,1453,0.0,False
jmeter_view_dashboard,4233,231,219,300,331,421,132,858,0.0,False
jmeter_view_scrum_board,3390,315,294,416,471,595,179,1004,0.0,False
jmeter_search_jql,4666,821,790,1014,1114,1380,490,3310,0.0,False
jmeter_view_backlog,2533,531,517,674,746,886,315,1661,0.0,False
jmeter_create_issue:open_quick_create,1697,87,81,114,127,162,57,242,0.0,False
jmeter_create_issue:fill_and_submit_issue_form,1697,359,348,434,465,519,275,993,0.0,False
jmeter_view_kanban_board,2956,353,337,465,523,640,188,1273,0.0,False
jmeter_browse_projects,3798,133,123,174,199,264,82,529,0.0,False
jmeter_edit_issue:open_editor,2113,177,167,222,255,336,119,612,0.0,False
jmeter_edit_issue:save_edit,2113,512,477,642,751,1148,273,1575,0.0,False
jmeter_view_project_summary,1267,202,184,276,312,367,125,701,0.0,False
jmeter_add_comment:open_comment,840,151,142,192,219,261,94,484,0.0,False
jmeter_add_comment:save_comment,840,539,527,674,714,809,360,1304,0.0,False
jmeter_browse_boards,414,142,134,181,203,243,94,436,0.0,False
selenium_login:open_login_page,187,1187,1184,1197,1201,1230,1155,1693,0.0,False
selenium_login:login_and_view_dashboard,187,1010,698,1449,1575,1678,513,22224,0.0,False
selenium_login,187,2214,1906,2663,2780,2895,1703,23943,0.0,False
selenium_project_summary,187,348,330,382,405,526,289,2114,0.0,False
selenium_browse_projects_list,187,276,273,308,322,351,217,362,0.0,False
selenium_browse_boards_list,187,235,210,237,292,811,180,1464,0.0,False
selenium_create_issue:open_quick_create,187,809,796,942,976,1070,636,1165,0.0,False
selenium_create_issue:fill_and_submit_issue_form:submit_issue_form,187,706,702,771,777,890,610,1296,0.0,False
selenium_create_issue:fill_and_submit_issue_form,187,1345,1323,1469,1510,1789,1121,3984,0.0,False
selenium_create_issue,187,2156,2125,2320,2426,2631,1808,4680,0.0,False
selenium_edit_issue:open_edit_issue_form,187,455,442,507,526,586,393,936,0.0,False
selenium_edit_issue:save_edit_issue_form,187,726,676,830,1013,1293,540,2462,0.0,False
selenium_edit_issue,187,1883,1850,2047,2171,2445,1569,4125,0.0,False
selenium_save_comment:open_comment_form,187,218,214,239,258,297,184,318,0.0,False
selenium_save_comment:submit_form,187,671,659,748,776,822,558,883,0.0,False
selenium_save_comment,187,1597,1609,1727,1760,1818,1003,1858,0.0,False
selenium_search_jql,187,1509,1552,1894,1934,2025,970,2935,0.0,False
selenium_view_scrum_board_backlog,187,991,1029,1131,1160,1253,750,2561,0.0,False
selenium_view_scrum_board,187,877,870,974,994,1033,739,2102,0.0,False
selenium_view_kanban_board,187,893,834,1100,1126,1221,722,1319,0.0,False
selenium_view_dashboard,187,229,224,263,274,310,186,372,0.0,False
selenium_view_issue,187,482,476,547,574,636,384,643,0.0,False
selenium_log_out,187,412,341,842,895,1022,296,1137,0.0,False
