Label,# Samples,Average,Median,90% Line,95% Line,99% Line,Min,Max,Error %,App specific
jmeter_login_and_view_dashboard,200,512,436,649,800,1766,300,5159,0.0,False
jmeter_view_issue,14412,238,237,282,298,339,185,3692,0.0,False
jmeter_search_jql,4666,547,541,620,648,704,418,4556,0.0,False
jmeter_view_dashboard,4232,165,164,193,203,229,127,302,0.0,False
jmeter_create_issue:open_quick_create,1697,68,67,80,85,115,50,193,0.0,False
jmeter_create_issue:fill_and_submit_issue_form,1697,203,227,247,258,284,124,447,0.0,False
jmeter_view_scrum_board,3390,227,222,273,288,316,154,3009,0.0,False
jmeter_view_backlog,2533,355,350,405,420,457,270,5769,0.0,False
jmeter_view_kanban_board,2956,205,202,251,266,297,152,1007,0.0,False
jmeter_browse_projects,3798,89,88,104,113,135,71,214,0.0,False
jmeter_edit_issue:open_editor,2113,125,126,144,152,175,97,348,0.0,False
jmeter_edit_issue:save_edit,2113,307,314,365,394,649,174,1152,0.0,False
jmeter_view_project_summary,1267,132,131,155,167,192,99,339,0.0,False
jmeter_add_comment:open_comment,841,96,96,116,122,133,75,188,0.0,False
jmeter_add_comment:save_comment,840,295,308,356,371,406,215,669,0.0,False
jmeter_browse_boards,414,102,101,118,124,149,80,227,0.0,False
selenium_login:open_login_page,238,115,102,111,114,142,91,2918,0.0,False
selenium_login:login_and_view_dashboard,238,548,526,576,597,974,466,3605,0.0,False
selenium_login,238,664,630,689,705,1077,562,6524,0.0,False
selenium_project_summary,238,337,317,353,364,401,277,3848,0.0,False
selenium_browse_projects_list,238,325,328,368,381,397,237,623,0.0,False
selenium_browse_boards_list,238,411,268,768,787,859,231,2699,0.0,False
selenium_create_issue:open_quick_create,238,628,624,646,657,710,582,1664,0.0,False
selenium_create_issue:fill_and_submit_issue_form:submit_issue_form,238,596,590,598,603,612,582,1608,0.0,False
selenium_create_issue:fill_and_submit_issue_form,238,1186,1184,1258,1286,1333,1070,2008,0.0,False
selenium_create_issue,238,1814,1808,1890,1918,1983,1662,3672,0.0,False
selenium_edit_issue:open_edit_issue_form,238,414,406,439,452,545,360,1375,0.0,False
selenium_edit_issue:save_edit_issue_form,238,490,486,515,528,550,449,574,0.0,False
selenium_edit_issue,238,1384,1374,1421,1439,1490,1303,2669,0.0,False
selenium_save_comment:open_comment_form,238,196,187,233,238,288,171,331,0.0,False
selenium_save_comment:submit_form,238,592,586,645,658,696,492,2930,0.0,False
selenium_save_comment,238,1405,1402,1455,1473,1498,1277,3864,0.0,False
selenium_search_jql,238,1234,1228,1279,1302,1337,1143,2560,0.0,False
selenium_view_scrum_board_backlog,238,984,1072,1161,1176,1221,738,2867,0.0,False
selenium_view_scrum_board,238,759,751,765,774,805,727,2424,0.0,False
selenium_view_kanban_board,238,769,729,893,951,1024,700,1350,0.0,False
selenium_view_dashboard,238,220,216,245,256,280,190,309,0.0,False
selenium_view_issue,238,431,427,478,490,509,365,520,0.0,False
selenium_app_custom_action:open_dialog,238,151,148,164,170,196,137,321,0.0,True
selenium_app_custom_action,238,151,148,165,170,196,137,321,0.0,True
selenium_log_out,238,313,312,337,352,381,252,463,0.0,False
