Label,# Samples,Average,Median,90% Line,95% Line,99% Line,Min,Max,Error %,App specific
jmeter_login_and_view_dashboard,200,1057,552,2148,2278,2654,400,6364,0.0,False
jmeter_view_dashboard,4232,173,169,196,206,239,137,536,0.0,False
jmeter_view_issue,14410,280,275,312,329,377,228,1965,0.0,False
jmeter_search_jql,4665,619,609,677,703,832,505,3430,0.0,False
jmeter_view_backlog,2533,383,378,422,440,487,318,1172,0.0,False
jmeter_view_scrum_board,3390,235,232,272,287,323,166,2017,0.0,False
jmeter_create_issue:open_quick_create,1697,104,97,108,113,408,78,765,0.0,False
jmeter_create_issue:fill_and_submit_issue_form,1697,320,297,323,336,1634,273,2824,0.0,False
jmeter_view_kanban_board,2955,256,251,295,312,370,172,1083,0.0,False
jmeter_browse_projects,3798,94,92,106,111,135,78,276,0.0,False
jmeter_edit_issue:open_editor,2113,141,137,156,166,194,118,645,0.0,False
jmeter_edit_issue:save_edit,2112,419,382,512,698,890,224,2190,0.0,False
jmeter_view_project_summary,1267,168,162,186,200,309,135,648,0.0,False
jmeter_add_comment:open_comment,840,108,106,121,130,154,88,216,0.0,False
jmeter_add_comment:save_comment,840,409,394,439,457,517,342,1768,0.0,False
jmeter_browse_boards,414,109,107,119,127,170,93,214,0.0,False
selenium_login:open_login_page,185,1209,1177,1187,1191,1203,1151,7099,0.0,False
selenium_login:login_and_view_dashboard,185,857,684,1167,1227,2417,535,3622,0.0,False
selenium_login,185,2085,1885,2356,2415,3672,1779,10854,0.0,False
selenium_project_summary,185,388,357,416,481,612,311,4240,0.0,False
selenium_browse_projects_list,185,288,286,317,325,360,225,531,0.0,False
selenium_browse_boards_list,185,231,208,232,288,463,183,2656,0.0,False
selenium_create_issue:open_quick_create,185,856,820,997,1116,1231,655,1750,0.0,False
selenium_create_issue:fill_and_submit_issue_form:submit_issue_form,185,746,717,777,782,2240,622,2678,0.0,False
selenium_create_issue:fill_and_submit_issue_form,185,1376,1332,1466,1508,2785,1143,3449,0.0,False
selenium_create_issue,185,2233,2176,2438,2521,4111,1832,4149,0.0,False
selenium_edit_issue:open_edit_issue_form,185,449,442,471,482,519,389,1282,0.0,False
selenium_edit_issue:save_edit_issue_form,185,707,659,748,1022,1410,552,4083,0.0,False
selenium_edit_issue,185,1885,1845,1982,2162,2637,1621,6100,0.0,False
selenium_save_comment:open_comment_form,185,213,212,228,237,256,166,334,0.0,False
selenium_save_comment:submit_form,185,654,636,677,706,1435,579,1715,0.0,False
selenium_save_comment,185,1596,1592,1654,1679,2249,1429,2568,0.0,False
selenium_search_jql,185,1328,1272,1651,1671,1787,943,3591,0.0,False
selenium_view_scrum_board_backlog,185,1030,1049,1131,1228,1481,752,2840,0.0,False
selenium_view_scrum_board,185,898,909,990,1003,1035,739,2303,0.0,False
selenium_view_kanban_board,185,951,964,1143,1221,1301,709,1341,0.0,False
selenium_view_dashboard,185,231,228,263,271,301,192,310,0.0,False
selenium_view_issue,185,464,455,520,558,614,381,667,0.0,False
selenium_app_custom_action:open_dialog,185,192,184,220,243,358,146,427,0.0,True
selenium_app_custom_action,185,192,185,220,243,358,147,427,0.0,True
selenium_log_out,185,405,354,402,883,1047,309,1136,0.0,False
