Label,# Samples,Average,Median,90% Line,95% Line,99% Line,Min,Max,Error %,App specific
jmeter_login_and_view_dashboard,200,483,462,565,610,845,353,969,0.0,False
jmeter_view_issue,14412,312,307,357,379,453,235,847,0.0,False
jmeter_search_jql,4666,707,698,816,859,980,480,1468,0.0,False
jmeter_view_dashboard,4232,201,198,234,253,310,132,487,0.0,False
jmeter_view_scrum_board,3390,264,258,321,342,407,177,554,0.0,False
jmeter_view_backlog,2533,441,434,515,542,644,320,909,0.0,False
jmeter_create_issue:open_quick_create,1697,75,74,84,93,131,56,201,0.0,False
jmeter_create_issue:fill_and_submit_issue_form,1697,337,326,391,413,468,274,556,0.0,False
jmeter_view_kanban_board,2956,298,293,362,387,457,170,610,0.0,False
jmeter_browse_projects,3798,113,110,131,146,183,79,282,0.0,False
jmeter_edit_issue:open_editor,2113,159,155,184,204,244,120,355,0.0,False
jmeter_edit_issue:save_edit,2113,452,425,534,614,873,237,1481,0.0,False
jmeter_view_project_summary,1267,173,168,206,222,262,126,440,0.0,False
jmeter_add_comment:open_comment,841,121,119,136,148,182,90,275,0.0,False
jmeter_add_comment:save_comment,840,434,425,484,512,591,351,812,0.0,False
jmeter_browse_boards,414,129,125,155,169,207,96,260,0.0,False
selenium_login:open_login_page,197,1169,1166,1178,1182,1196,1141,1683,0.0,False
selenium_login:login_and_view_dashboard,197,760,619,1110,1179,1532,494,1625,0.0,False
selenium_login,197,1944,1809,2291,2375,2734,1688,3183,0.0,False
selenium_project_summary,197,323,316,355,364,451,269,546,0.0,False
selenium_browse_projects_list,197,271,266,302,311,353,222,524,0.0,False
selenium_browse_boards_list,197,217,200,222,309,761,172,889,0.0,False
selenium_create_issue:open_quick_create,197,818,792,969,1017,1137,639,1192,0.0,False
selenium_create_issue:fill_and_submit_issue_form:submit_issue_form,197,697,698,764,772,778,604,832,0.0,False
selenium_create_issue:fill_and_submit_issue_form,197,1285,1291,1381,1411,1466,1082,1488,0.0,False
selenium_create_issue,197,2104,2091,2321,2388,2456,1788,2571,0.0,False
selenium_edit_issue:open_edit_issue_form,197,418,415,446,466,493,359,519,0.0,False
selenium_edit_issue:save_edit_issue_form,197,665,633,730,870,1201,527,1476,0.0,False
selenium_edit_issue,197,1750,1728,1876,1974,2340,1553,2607,0.0,False
selenium_save_comment:open_comment_form,197,203,200,216,222,271,165,406,0.0,False
selenium_save_comment:submit_form,197,623,614,679,712,757,535,806,0.0,False
selenium_save_comment,197,1535,1550,1624,1669,1727,930,1758,0.0,False
selenium_search_jql,197,1309,1297,1731,1766,1868,867,2011,0.0,False
selenium_view_scrum_board_backlog,197,969,1013,1086,1102,1125,759,1153,0.0,False
selenium_view_scrum_board,197,860,860,959,970,996,717,1184,0.0,False
selenium_view_kanban_board,197,890,826,1083,1140,1209,706,1326,0.0,False
selenium_view_dashboard,197,216,214,242,252,284,175,290,0.0,False
selenium_view_issue,197,442,435,484,516,571,371,588,0.0,False
selenium_app_custom_action:open_dialog,197,175,171,197,207,250,138,286,0.0,True
selenium_app_custom_action,197,175,172,198,207,251,139,286,0.0,True
selenium_log_out,197,385,308,844,859,992,273,1085,0.0,False
