Label,# Samples,Average,Median,90% Line,95% Line,99% Line,Min,Max,Error %,App specific
jmeter_login_and_view_dashboard,200,571,529,619,654,1758,376,4388,0.0,False
jmeter_view_issue,14412,286,284,320,331,363,223,1897,0.0,False
jmeter_search_jql,4666,640,633,707,734,789,513,1784,0.0,False
jmeter_view_dashboard,4232,174,172,199,208,231,118,538,0.0,False
jmeter_view_backlog,2534,393,389,443,459,496,320,1360,0.0,False
jmeter_view_scrum_board,3390,235,233,271,283,307,159,1790,0.0,False
jmeter_create_issue:open_quick_create,1697,75,73,84,88,110,50,786,0.0,False
jmeter_create_issue:fill_and_submit_issue_form,1697,307,299,349,363,392,254,1233,0.0,False
jmeter_view_kanban_board,2956,262,259,316,332,372,161,1266,0.0,False
jmeter_browse_projects,3798,97,95,113,118,140,76,246,0.0,False
jmeter_edit_issue:open_editor,2113,142,141,162,171,193,111,240,0.0,False
jmeter_edit_issue:save_edit,2113,417,395,501,552,830,317,1041,0.0,False
jmeter_view_project_summary,1267,158,156,181,192,224,114,283,0.0,False
jmeter_add_comment:open_comment,841,107,105,122,129,154,83,341,0.0,False
jmeter_add_comment:save_comment,840,404,400,450,464,490,327,626,0.0,False
jmeter_browse_boards,414,115,114,130,136,170,87,178,0.0,False
selenium_login:open_login_page,118,111,107,116,118,184,95,420,0.0,False
selenium_login:login_and_view_dashboard,118,637,595,671,1264,1324,503,1359,0.0,False
selenium_login,118,767,722,823,1393,1453,624,1797,0.0,False
selenium_project_summary,118,414,406,497,509,548,313,584,0.0,False
selenium_browse_projects_list,118,285,282,323,337,365,242,372,0.0,False
selenium_browse_boards_list,118,241,230,266,292,343,205,770,0.0,False
selenium_create_issue:open_quick_create,118,1280,1293,1974,2090,2169,641,2194,0.0,False
selenium_create_issue:fill_and_submit_issue_form:submit_issue_form,118,1327,1322,1904,1984,2072,614,2081,0.0,False
selenium_create_issue:fill_and_submit_issue_form,118,1958,1950,2544,2645,2732,1234,2766,0.0,False
selenium_create_issue,118,3239,3141,4470,4701,4909,1918,4924,0.0,False
selenium_edit_issue:open_edit_issue_form,118,668,684,710,716,736,486,767,0.0,False
selenium_edit_issue:save_edit_issue_form,118,710,675,806,1018,1101,588,1237,0.0,False
selenium_edit_issue,118,1872,1848,2011,2222,2331,1683,2381,0.0,False
selenium_save_comment:open_comment_form,118,212,198,265,289,351,180,358,0.0,False
selenium_save_comment:submit_form,118,698,698,753,782,832,597,861,0.0,False
selenium_save_comment,118,2059,2164,2826,2941,3062,1027,3183,0.0,False
selenium_search_jql,118,1625,1626,2076,2195,2220,1056,2262,0.0,False
selenium_view_scrum_board_backlog,118,1627,1698,2136,2231,2282,813,2312,0.0,False
selenium_view_scrum_board,118,1516,1508,2067,2178,2280,756,2288,0.0,False
selenium_view_kanban_board,118,1542,1492,2085,2158,2212,733,2218,0.0,False
selenium_view_dashboard,118,250,250,276,286,301,211,324,0.0,False
selenium_view_issue,118,459,455,498,516,555,393,600,0.0,False
selenium_app_custom_action:open_dialog,118,178,174,192,203,262,153,332,0.0,True
selenium_app_custom_action,118,178,174,192,204,262,153,333,0.0,True
selenium_log_out,118,313,311,328,331,355,291,387,0.0,False
